cNPDB ID,Sequence,Family,cNPDB_OS,missing_OS,cNPDB_Tissue,missing_Tissue,lit_species,lit_tissue,n_papers,supporting
1,LRVAPEESPVL,Actin,HoA,Csap,CG,hemolymph,Csap,hemolymph,2,10.1016/j.jasms.2008.12.007;10.1021/acs.jproteome.9b00026
7,SYDFGL,Allatostatin-A_type,HoA,Sver,ES,CNS,Sver,CNS,1,10.1371/journal.pone.0097323
19,AGPYAFGL,Allatostatin-A_type,Cmae;Csap;HoA,Olim;Pcla,Br;ES;PO,,Olim;Pcla,,1,10.1016/s0196-9781(99)00052-2
63,SAGPYAFGL,Allatostatin-A_type,Olim,Pcla,CNS;CoG;OG;PO;STG,,Olim;Pcla,,1,10.1016/s0196-9781(99)00052-2
83,PRVYGFGL,Allatostatin-A_type,Olim,Pcla,CNS;CoG;OG;PO;STG,,Olim;Pcla,,1,10.1016/s0196-9781(99)00052-2
84,ARPYSFGL,Allatostatin-A_type,Cbo;Cmae;Csap,,,Br;hemolymph,,Br;hemolymph,25,10.1016/j.ygcen.2007.02.014;10.1155/2012/640359
90,ANQYTFGL,Allatostatin-A_type,,Pmon,,,Pmon,,1,10.1016/s0196-9781(02)00035-9
149,QWSSMRGAW,Allatostatin-B_type,Cmae;Csap,Cbo,Br;PO,,Cbo,,1,10.1002/cne.22654
164,SGKWSNLRGAW,Allatostatin-B_type,Cmae;Csap,Cbo,Br;PO,,Cbo,,2,10.1002/cne.22654
175,VPNDWAHFRGSW,Allatostatin-B_type,Cbo;Cmae;Csap;Spar,,Br;CoG;PO;VNC,CG,Cbo,CG,2,10.1002/cne.22654;10.1002/cne.25385
180,DPYAFGLGKRPADL,Allatostatin_Combos,Cbo,Csap,PO,,Cbo;Csap,,2,10.1021/ac800798h;10.1021/acschemneuro.0c00439
188,QIRYHQCYFNPISCF,Allatostatin-C_type,Cbo;HoA;Spar,Sver,Br;CoG;ES;PO,CNS,Sver,CNS,3,10.1371/journal.pone.0097323
192,PFCNAFTGC,CCAP,Cbo;Cmae;Csap;HoA;Lva;Spar,Mjap;Mros,Br;CG;ES;PO;SG;STG;VNC,CNS;OVR,Lva;Mjap;Mros;Spar,Br;CNS;ES;OVR,16,10.1016/j.aquaculture.2015.10.005;10.1016/j.cbpb.2025.111143;10.1155/2012/640359;10.1371/journal.pone.0123848;10.3389/fimmu.2020.00711
223,GFLSQDVHS,CPRP,Cbo,Csap,PO,,Csap,,1,10.1021/acschemneuro.0c00439
225,FLSQDHSVN,CPRP,HoA,Cbo,,,Cbo,,1,10.1021/acschemneuro.1c00007
228,RSVEGVSRME,CPRP,HoA,Csap,,,Csap;HoA,,3,10.1016/j.ygcen.2008.01.009;10.1021/acs.jproteome.1c00023;10.1021/pr900736t
229,RGFEGETGHPN,CPRP,Csap,Cbo,SG,,Cbo,,1,10.1021/acschemneuro.1c00007
274,RSVEGASRMEKLLT,CPRP,,HoA,,,HoA,,2,10.1016/j.ygcen.2008.01.009;10.1021/pr900736t
278,RSVEGVSRMEKLLT,CPRP,,HoA,,,HoA,,1,10.1016/j.ygcen.2008.01.009
336,EKLLSSISPSSTPLGFLSQDHSVN,CPRP,HoA,Cbo,,hemolymph,Cbo,hemolymph,1,10.1007/s00216-021-03479-1
357,RSVEGASRMEKLLSSISPSSTPLGFLSQDHSVN,CPRP,HoA,,SG,ES,HoA,ES,1,10.1016/j.ygcen.2016.11.001
363,RSVEGASRMEKLLSSSNSPSSTPLGFLSQDHSVN,CPRP,HoA,,PO;SG,ES,HoA,ES,3,10.1016/j.ygcen.2008.01.009;10.1016/j.ygcen.2016.11.001;10.1371/journal.pone.0145964
383,KIFEPLR,Cryptocyanin,Cmae,Csap,VNC,SG,Cmae;Csap,SG,2,10.1016/j.ygcen.2009.01.015;10.1021/pr200391g
384,YKIFEPL,Cryptocyanin,,Cbo,,,Cbo,,1,10.1021/ac800798h
385,KIFEPLVA,Cryptocyanin,Cmae,Cbo,VNC,hemolymph,Cbo;Cmae,hemolymph,4,10.1007/s00216-021-03479-1;10.1016/j.ygcen.2009.01.015
386,YKIFEPLR,Cryptocyanin,Cbo,,,hemolymph,,hemolymph,2,10.1016/j.jasms.2008.12.007
387,YKIFEPLRE,Cryptocyanin,,Cbo,,hemolymph,Cbo,hemolymph,2,10.1016/j.jasms.2008.12.007;10.1021/ac800798h
388,KIFEPLRDKN,Cryptocyanin,Cmae,Cbo;Csap,VNC,SG;hemolymph,Cbo;Cmae;Csap,SG;hemolymph,5,10.1007/s00216-021-03479-1;10.1016/j.ygcen.2009.01.015;10.1021/pr200391g
389,YKIFEPLRES,Cryptocyanin,Cbo,,,hemolymph,,hemolymph,1,10.1016/j.jasms.2008.12.007
391,KIFEPLREDNL,Cryptocyanin,,Cbo,,,Cbo,,1,10.1021/ac800798h
392,YKIFEPLRESN,Cryptocyanin,,Cbo,,hemolymph,Cbo,hemolymph,2,10.1016/j.jasms.2008.12.007;10.1021/ac800798h
393,YKIFEPLRESNL,Cryptocyanin,,Cbo,,hemolymph,Cbo,hemolymph,3,10.1016/j.jasms.2008.12.007;10.1021/ac800798h;10.1021/acschemneuro.1c00007
406,NFDEIDRSA,Orcokinin,Csap,Oce,SG,,Csap;Oce,SG,3,10.1016/j.ygcen.2012.12.008;10.1021/pr200391g
407,EIDRSGFGFA,Orcokinin,Cbo;Cmae;Csap,Lva;Oce,Br;CoG;PO;SG;STG,,Cbo;Cmae;Csap;Lva;Oce,Br;SG,10,10.1002/rcm.7037;10.1016/j.jasms.2009.01.017;10.1016/j.peptides.2009.10.007;10.1016/j.ygcen.2009.01.015;10.1016/j.ygcen.2012.12.008
409,FDEIDRSGFA,Orcokinin,Csap,Oce,SG,,Csap;Oce,SG,2,10.1016/j.ygcen.2012.12.008;10.1021/pr200391g
411,FDEIDRSSFA,Orcokinin,Csap,Oce,SG,,Csap;Oce,SG,3,10.1016/j.ygcen.2012.12.008;10.1021/pr200391g
412,NFDEIDRSGF,Orcokinin,Cbo;Cmae;Csap;HoA,Pcla,Br;CNS;CoG;PO;SG,,Cbo;Csap;HoA;Pcla,SG,6,10.1016/j.peptides.2008.10.009;10.1016/j.ygcen.2008.01.009;10.1021/acschemneuro.1c00007;10.1021/pr200391g;10.1371/journal.pone.0145964
414,DEIDRSGFGFA,Orcokinin,Cpro;Csap,Oce,PO;SG,,Csap;Oce,SG,3,10.1016/j.ygcen.2012.12.008;10.1021/pr200391g
416,NFDEIDRSSF,Orcokinin,Cmae;Csap,Oce,Br;PO;SG,,Oce,,1,10.1016/j.ygcen.2012.12.008
417,NFDEIDRSGFG,Orcokinin,Cbo;Cmae;Csap,HoA;Lva;Oce;Pcla;Pint,Br;CoG;PO;SG;STG;VNC,hemolymph,Cbo;Cmae;Csap;HoA;Lva;Oce;Pcla;Pint,Br;SG;STG;hemolymph,25,10.1002/rcm.7037;10.1016/j.jasms.2008.12.007;10.1016/j.jasms.2009.01.017;10.1016/j.peptides.2008.10.009;10.1016/j.peptides.2009.10.007
418,DFDEIDRSGFG,Orcokinin,Csap,Cbo;Oce,SG,,Cbo;Csap;Oce,SG,3,10.1016/j.ygcen.2012.12.008;10.1021/pr200391g;10.1039/c4an02016b
419,NFDEIDRSGFA,Orcokinin,Cbo;Cmae;Csap,HoA;Lva;Oce;Pint,Br;CoG;PO;SG;STG;VNC,TG,Cbo;Cmae;Csap;HoA;Lva;Oce;Pint,Br;SG;STG;TG,25,10.1002/rcm.7037;10.1007/s13361-017-1888-4;10.1016/j.peptides.2009.10.007;10.1016/j.ygcen.2008.01.009;10.1016/j.ygcen.2009.01.015
420,DFDEIDRSGFA,Orcokinin,Cbo;Csap,Oce,Br;PO;SG,,Cbo;Csap;Oce,SG,8,10.1002/rcm.7037;10.1016/j.ygcen.2012.12.008;10.1021/acs.jproteome.1c00023;10.1021/acs.jproteome.9b00026;10.1021/pr200391g
421,VYGPRDIANLY,Orcokinin,HoA,Cbo;Pcla,CG;CNS;PO;SG;TG,Br;ES;STG;hemolymph,Cbo;HoA;Pcla,Br;ES;STG;hemolymph,11,10.1016/j.peptides.2008.10.009;10.1016/j.ygcen.2008.01.009;10.1016/j.ygcen.2016.11.001;10.1021/acschemneuro.7b00521;10.1021/acsomega.6c00679
422,NFDEIDRSSFG,Orcokinin,Cmae;Csap,Oce,CoG;PO;SG;VNC,,Cmae;Csap;Oce,SG,8,10.1016/j.ygcen.2009.01.015;10.1016/j.ygcen.2012.12.008;10.1021/acs.jproteome.9b00026;10.1021/pr200391g
423,DFDEIDRSSFG,Orcokinin,Csap,Oce,SG,,Csap;Oce,SG,2,10.1016/j.ygcen.2012.12.008;10.1021/pr200391g
424,NFDEIDRSSFA,Orcokinin,Cmae;Csap,Oce,Br;PO;SG,,Cmae;Csap;Oce,SG,12,10.1016/j.ygcen.2009.01.015;10.1016/j.ygcen.2012.12.008;10.1021/acschemneuro.0c00439;10.1021/pr200391g
425,DFDEIDRSSFA,Orcokinin,Csap,Oce,PO;SG,,Csap;Oce,SG,5,10.1016/j.ygcen.2012.12.008;10.1021/pr200391g
426,FDEIDRSGFGFA,Orcokinin,Cmae;Csap,Oce,PO,SG,Cmae;Csap;Oce,SG,4,10.1016/j.ygcen.2009.01.015;10.1016/j.ygcen.2012.12.008;10.1021/pr200391g
427,NFDEIDRSGFGF,Orcokinin,Cbo;Cmae;Csap,HoA;Oce;Pcla,Br;CoG;PO;SG;STG;VNC,,Cbo;Cmae;Csap;HoA;Oce;Pcla,Br;SG;STG,19,10.1002/rcm.7037;10.1016/j.peptides.2008.10.009;10.1016/j.ygcen.2008.01.009;10.1016/j.ygcen.2009.01.015;10.1016/j.ygcen.2012.12.008
428,NFDEIDRSSFGF,Orcokinin,Csap,Oce,Br;PO;SG,,Csap;Oce,SG,7,10.1016/j.ygcen.2012.12.008;10.1021/acs.jproteome.9b00026;10.1021/acschemneuro.0c00439;10.1021/pr200391g
429,NFDEIDRAGFGFA,Orcokinin,,Cbo,,,Cbo,,1,10.1021/acschemneuro.1c00007
430,SSEDMPSSLGFGFN,Orcokinin,HoA,Cbo,CNS;SG,,Cbo,,1,10.1039/c4an02016b
431,NFDEIDRSGFGFA,Orcokinin,Cbo;Cmae;Csap;HoA;Spar,Lva;Pcla,Br;CoG;ES;PO;SG;STG;VNC,,Cbo;Cmae;Csap;HoA;Lva;Pcla,Br;SG,25,10.1002/rcm.7037;10.1006/gcen.1999.7453;10.1007/s13361-017-1888-4;10.1016/0196-9781(94)00145-v;10.1016/j.jasms.2009.01.017
432,DFDEIDRSGFGFA,Orcokinin,Csap,Cbo;Oce,SG,,Cbo;Csap;Oce,SG,6,10.1016/j.ygcen.2012.12.008;10.1021/acs.jproteome.1c00023;10.1021/acschemneuro.1c00007;10.1021/pr200391g;10.1039/c4an02016b
433,NFDEIDRSGFGFV,Orcokinin,Cbo;Cmae;Csap;HoA;Oce;Spar,Pcla,Br;CNS;CoG;ES;PO;SG;STG;TG;VNC,hemolymph,Cbo;Cmae;Csap;HoA;Pcla,Br;ES;SG;STG;hemolymph,25,10.1002/rcm.7037;10.1006/gcen.1999.7453;10.1007/s13361-017-1888-4;10.1016/0196-9781(94)00145-v;10.1016/j.jasms.2009.01.017
434,DFDEIDRSGFGFV,Orcokinin,Csap,Cbo;Cmae;Oce,SG,,Cbo;Cmae;Csap;Oce,SG,5,10.1016/j.ygcen.2009.01.015;10.1016/j.ygcen.2012.12.008;10.1021/acschemneuro.1c00007;10.1021/pr200391g;10.1039/c4an02016b
436,NFDEIDRSSFGFA,Orcokinin,Csap;Spar,Oce,Br,SG,Csap;Oce,SG,9,10.1016/j.ygcen.2012.12.008;10.1021/acs.jproteome.9b00026;10.1021/acschemneuro.0c00439;10.1021/pr200391g
437,DFDEIDRSSFGFA,Orcokinin,Csap,Oce,SG,,Csap;Oce,SG,3,10.1016/j.ygcen.2012.12.008;10.1021/acs.jproteome.9b00026;10.1021/pr200391g
438,NFDEIDRSGFGFN,Orcokinin,Cmae;HoA;Pint,Cbo;Csap;Lva;Pcla,Br;CNS;PO;SG;VNC,ES;STG;hemolymph,Cbo;Cmae;Csap;HoA;Lva;Pcla,Br;ES;SG;STG;hemolymph,25,10.1002/cne.10145;10.1006/gcen.1999.7453;10.1016/0196-9781(94)00145-v;10.1016/j.peptides.2008.10.009;10.1016/j.peptides.2009.10.007
439,NFDEIDRSSFGFV,Orcokinin,Cbo;Cmae;Csap;Spar,Oce,Br;CoG;PO;SG;STG;VNC,TG,Cbo;Cmae;Csap;Oce,Br;SG;TG,22,10.1002/pmic.201500256;10.1007/s13361-017-1888-4;10.1016/j.jasms.2009.01.017;10.1016/j.ygcen.2009.01.015;10.1016/j.ygcen.2012.12.008
440,DFDEIDRSSFGFV,Orcokinin,,Csap,,SG,Csap,SG,2,10.1021/pr200391g
441,NFDEIDRSGFGFH,Orcokinin,HoA,Cbo;Pcla;Pint,CG;CNS;PO;SG;TG,Br;ES;STG;hemolymph,Cbo;HoA;Pcla;Pint,Br;ES;STG;hemolymph,9,10.1016/j.peptides.2008.10.009;10.1016/j.ygcen.2008.01.009;10.1016/j.ygcen.2016.11.001;10.1021/ac800798h;10.1021/acs.jproteome.5b00627
442,NFDEIDRSSFGFN,Orcokinin,Cbo;Cmae;Csap;Spar,HoA,Br;CoG;PO;SG;STG;VNC,,Cbo;Cmae;Csap;HoA,Br;SG,22,10.1002/rcm.7037;10.1007/s13361-017-1888-4;10.1016/0196-9781(94)00145-v;10.1016/j.jasms.2009.01.017;10.1016/j.ygcen.2008.01.009
443,DFDEIDRSSFGFN,Orcokinin,Csap,Oce,SG,,Csap;Oce,SG,3,10.1016/j.ygcen.2012.12.008;10.1021/pr200391g
444,NFDEIDRTGFGFH,Orcokinin,Cbo;Csap,Cmae;HoA;Lva;Oce;Pcla,Br;CoG;PO;SG;STG,,Cbo;Cmae;Csap;HoA;Lva;Oce;Pcla,Br;SG,20,10.1002/rcm.7037;10.1006/gcen.1999.7453;10.1007/s13361-017-1888-4;10.1016/j.jasms.2009.01.017;10.1016/j.peptides.2008.10.009
445,TPRDIANLY,Orcokinin,Csap,Oce,SG,,Csap;Oce,SG,2,10.1016/j.ygcen.2012.12.008;10.1021/pr200391g
447,FPAFTTGFGSH,Orcomyotropin,Csap,Cbo,SG,hemolymph,Cbo;Csap,SG;hemolymph,2,10.1007/s00216-021-03479-1;10.1021/pr200391g
448,FDAFTTGFGHS,Orcomyotropin,Cbo;Cmae;Csap;Lva;Spar,HoA;Oce;Pcla,Br;CoG;OG;PO;SG;STG;VNC,TG,Cbo;Cmae;Csap;HoA;Lva;Oce;Pcla;Spar,Br;STG;TG,25,10.1002/cne.10145;10.1002/rcm.7037;10.1006/gcen.1999.7453;10.1016/j.jasms.2009.01.017;10.1016/j.peptides.2008.10.009
449,FDAFTTGFGHN,Orcomyotropin,HoA,Lva;Pcla,CG;CNS;PO;SG;TG,ES;STG,HoA;Lva;Pcla,ES;STG,9,10.1016/j.peptides.2008.10.009;10.1016/j.peptides.2009.10.007;10.1016/j.ygcen.2008.01.009;10.1016/j.ygcen.2016.11.001;10.1021/cn200107v
451,KPKTEKK,Others,Cbo;Csap,HoA,Br;PO,CG,Cbo;HoA,CG,4,10.1016/j.ygcen.2008.01.009;10.1021/acschemneuro.1c00007;10.1021/jasms.0c00191
452,DLPKVDTALK,Others,,HoA,,,HoA,,2,10.1016/j.ygcen.2008.01.009
453,GPSGGFNGALAR,Others,,HoA,,,HoA,,1,10.1016/j.ygcen.2008.01.009
454,AVLLPKKTEKK,Others,,Csap;HoA,,hemolymph,Csap;HoA,hemolymph,4,10.1016/j.ygcen.2008.01.009;10.1021/acs.jproteome.9b00026;10.1021/acsomega.6c00679
455,EVEEPEAPAPPAK,Others,,HoA,,,HoA,,1,10.1016/j.ygcen.2008.01.009
459,NSELINSILGLPKVMNDA,PDH,Cbo;Cmag;Pint;Spar,Cmae,Br;SG,,Cmae,,3,10.3389/fnins.2017.00752
606,DGRTPALRLRF,RFamide,Lva,Spar,VNC,,Spar,,6,10.3390/ijms21072297
611,QFDEYGHMRF,RFamide,,Mros,,CNS;ES;OVR,Mros,CNS;ES;OVR,1,10.1371/journal.pone.0123848
644,APSGFLGM,Tachykinin,Csap,Cbo;Cmae;HoA;Lva;Oce;Pint,Br,SG;STG;hemolymph,Cbo;Cmae;Csap;HoA;Lva;Oce;Pint,Br;SG;STG;hemolymph,15,10.1002/rcm.7037;10.1016/j.peptides.2009.10.007;10.1016/j.ygcen.2008.01.009;10.1016/j.ygcen.2009.01.015;10.1016/j.ygcen.2012.12.008
646,APSGFLGMR,Tachykinin,Csap;HoA;Lva;Pint,Cbo,Br;OG;VNC,STG,Cbo;HoA;Pint,Br;STG,7,10.1002/cne.22654;10.1021/acs.jproteome.5b00627;10.1021/cn200107v;10.1242/jeb.200.17.2279
647,TPSGFLGMR,Tachykinin,Cbo;Cmae;Csap,HoA,Br;CoG;PO;SG;VNC,STG,HoA,STG,2,10.1021/cn200107v
648,APSGFLGMRG,Tachykinin,Cbo;Cmae;Csap,HoA;Lva;Oce;Pint,Br;CoG;PO;SG,STG,Cmae;Csap;HoA;Lva;Oce;Pint,Br;STG,15,10.1007/s13361-017-1888-4;10.1016/j.peptides.2009.10.007;10.1016/j.ygcen.2008.01.009;10.1016/j.ygcen.2009.01.015;10.1016/j.ygcen.2012.12.008
711,FPAFTTGFGHS,Orcokinin,Csap,Cbo;Oce,,,Cbo;Oce,,2,10.1016/j.ygcen.2012.12.008;10.1039/c4an02016b
747,MFAPLSGLPGNLRTI,Allatostatin-C_type,Cbo,,,hemolymph,Cbo,hemolymph,1,10.1007/s00216-021-03479-1
762,LSLEGVRGAHGPP,DH44,,Cbo,,,Cbo,,1,10.1021/acschemneuro.1c00007
768,DVASQLVGVDQGVALQNARN,DH44,,Cbo,,,Cbo,,1,10.1021/acschemneuro.1c00007
772,SVDRQLSEQKTRDAPVAPTATIHSPAKTQESHRS,RFamide_PRP,,Cbo,,,Cbo,,1,10.1021/acschemneuro.1c00007
774,SDEDDASDMMMMDPASYNRYV,RFamide_PRP,,Cbo,,,Cbo,,1,10.1021/acschemneuro.1c00007
905,PHLEDAQLDAAEV,Allatostatin-B_type,HoA,,Br;CoG;OG;PO;SG;STG;TG,ES,HoA,ES,1,10.1016/j.ygcen.2016.11.001
912,SSSSPQQDDPASSPSHIEE,Allatostatin-B_type,HoA,,Br;OG;PO;SG;STG;TG,ES,HoA,ES,1,10.1016/j.ygcen.2016.11.001
938,STPHTQPRQHLTSTPQQKVETEKQ,CCAP,HoA,,Br;TG,ES,HoA,ES,2,10.1016/j.ygcen.2016.11.001
950,GLDLGLGRGFSGSQAAKHLMGLAAANFAGGP,DH,HoA,Mros,Br;CoG;OG;STG;TG,CNS;ES;OVR,Mros,CNS;ES;OVR,1,10.1371/journal.pone.0123848
951,SSDDGLDLHHDDNLYAQDQAADLAESS,DH,HoA,,Br;SG;STG,ES,HoA,ES,2,10.1016/j.ygcen.2016.11.001;10.1242/jeb.037077
964,LAGTPHESMIRYFLMAMSNPAGRYKSPQLLNRGV,GSEFLamide,HoA,,Br,ES,HoA,ES,1,10.1016/j.ygcen.2016.11.001
965,QYEPEFAHTLDYDT,GSEFLamide,HoA,,Br;CoG;TG,ES,HoA,ES,1,10.1016/j.ygcen.2016.11.001
969,AEGTLSRLSESTLKAALDENSPEDNVDNH,Leucokinin,HoA,,Br,ES,HoA,ES,1,10.1016/j.ygcen.2016.11.001
970,ASPISEDSQLSDLYTSQL,Leucokinin,HoA,,Br;TG,ES,HoA,ES,1,10.1016/j.ygcen.2016.11.001
971,SDPLLPASQHEPNT,Leucokinin,HoA,,Br;TG,ES,HoA,ES,1,10.1016/j.ygcen.2016.11.001
972,SPSMDLSGNQD,Leucokinin,HoA,,Br;CoG,ES,HoA,ES,1,10.1016/j.ygcen.2016.11.001
973,SSGDELDDHFLD,Leucokinin,HoA,,Br;TG,ES,HoA,ES,1,10.1016/j.ygcen.2016.11.001
984,DFDEIDR,Orcokinin,Oce,Csap,SG,,Csap;Oce,SG,3,10.1016/j.ygcen.2012.12.008;10.1021/pr200391g
993,NFDEIDR,Orcokinin,Oce,Csap;Lva;Pint,PO;SG,Br,Csap;Lva;Oce;Pint,Br;SG,13,10.1007/s00441-020-03199-5;10.1016/j.peptides.2009.10.007;10.1016/j.ygcen.2012.12.008;10.1021/acs.jproteome.5b00627;10.1021/pr200391g
994,NFDEIDRA,Orcokinin,Lva,Pint,Br;VNC,,Lva;Pint,Br,2,10.1016/j.peptides.2009.10.007;10.1021/acs.jproteome.5b00627
995,NFDEIDRAGFA,Orcokinin,Pint,Lva,Br,,Lva;Pint,Br,2,10.1016/j.peptides.2009.10.007;10.1021/acs.jproteome.5b00627
1004,NFDEIDRS,Orcokinin,Oce,Mros;Spar;Sver,Br,CNS;ES;OVR,Mros;Oce;Spar;Sver,Br;CNS;ES;OVR,5,10.1002/cne.22517;10.1016/j.ygcen.2012.12.008;10.1038/srep17055;10.1371/journal.pone.0097323;10.1371/journal.pone.0123848
1006,NFDEIDRSG,Orcokinin,Oce,Pint,SG,Br,Oce;Pint,Br,2,10.1016/j.ygcen.2012.12.008;10.1021/acs.jproteome.5b00627
1090,LLKYFLPASQAWGGDAYPIGQEGT,RFamide_PRP,HoA,,Br;CoG;OG;PO;STG,ES,HoA,ES,1,10.1016/j.ygcen.2016.11.001
1123,SGSPMEFATDLQEDVELPVEE,RFamide_PRP,HoA,,Br;CoG;OG;PO;STG,ES,HoA,ES,1,10.1016/j.ygcen.2016.11.001
1208,GYRKPPFNGSIFG,SIFamide,Pint,Pcla,Br,,Pcla;Pint,Br,3,10.1016/j.ygcen.2003.10.001;10.1021/acs.jproteome.5b00627
1219,AYYSENPDEEISMTGVD,Tachykinin,HoA,,Br;CoG;SG;STG;TG,ES,HoA,ES,1,10.1016/j.ygcen.2016.11.001
1229,SDEEVFSDATADNDLEILL,Tachykinin,HoA,,Br;CoG;OG;STG,ES,HoA,ES,1,10.1016/j.ygcen.2016.11.001
1234,YYDDDSDMDAYIQALTAVVDGQQQQ,Tachykinin,HoA,,Br;CoG,ES,HoA,ES,1,10.1016/j.ygcen.2016.11.001
1243,VYVPRYIANLY,Orcokinin,Pcla,HoA,Br,,HoA;Pcla,,1,10.1016/j.peptides.2008.10.009
1256,GPIKVRFLSAIFIPIAAPARSSPQQDAAAGYTDGAPV,Orcokinin,HoA,Pcla,Br,,HoA;Pcla,,3,10.1016/j.peptides.2008.10.009;10.1016/j.ygcen.2008.01.009
1257,GPIKAAPARSSPQQDAAAGYTDGAPV,Orcokinin,HoA,,Br;CoG;PO;SG,ES,HoA,ES,1,10.1016/j.ygcen.2016.11.001
1258,SSEDMDRLGFGFN,Orcokinin,HoA,Pcla,Br;CoG;OG;PO;SG;STG,ES,HoA;Pcla,ES;STG,6,10.1016/j.peptides.2008.10.009;10.1016/j.ygcen.2008.01.009;10.1016/j.ygcen.2016.11.001;10.1021/cn200107v;10.1021/pr900736t
1259,GDYDVYPE,Orcokinin,HoA,Pcla,Br;CoG;OG;PO;SG;STG,,HoA;Pcla,,3,10.1016/j.peptides.2008.10.009;10.1016/j.ygcen.2008.01.009
1267,AGEGQDTPQDRE,Tachykinin,HoA,,Br;CoG;STG,ES,HoA,ES,1,10.1016/j.ygcen.2016.11.001
1337,CFITNCPPG,Intocin,Cbo,Spar,Br;CG;STG,OVR,Spar,OVR,5,10.1016/j.cbpa.2018.01.012;10.3390/ijms21072297
1396,VDCRKFVFAPVCRGIIA,Elevenin,HoA,Pcla,ES,,HoA;Pcla,ES,2,10.1016/j.ygcen.2016.11.001;10.1038/srep38658
1441,VCVGVGETMPPPICLSQQVPLSPFA,Myosuppressin_PRP,HoA,,ES,CG,HoA,CG,2,10.1152/jn.00089.2020;10.1242/jeb.035741
1494,SDLYDNDLGRSYDFGL,Allatostatin-A_type,Pint;Sver,,Br;ES,CNS,Sver,CNS,1,10.1371/journal.pone.0097323
1496,EDSPASDAYTL,Allatostatin-A_type,Pint;Sver,,Br;ES,CNS,Sver,CNS,1,10.1371/journal.pone.0097323
1498,PDLLQAPLQAVGD,Allatostatin-B_type,Sver,,Br;ES,CNS,Sver,CNS,1,10.1371/journal.pone.0097323
1500,AEEIQAAED,Allatostatin-B_type,Sver,,Br;ES,CNS,Sver,CNS,1,10.1371/journal.pone.0097323
1501,GDEFASPELETTED,Allatostatin-B_type,Sver,,Br;ES,CNS,Sver,CNS,1,10.1371/journal.pone.0097323
1502,GDDLVDAEL,Allatostatin-B_type,Sver,,Br;ES,CNS,Sver,CNS,1,10.1371/journal.pone.0097323
1507,VPDEVNETAAHQA,Allatostatin-B_type,Sver,,Br;ES,CNS,Sver,CNS,1,10.1371/journal.pone.0097323
1508,MFAPLSGLPGELPTI,Allatostatin-C_type,Sver,,Br;ES,CNS,Sver,CNS,2,10.1371/journal.pone.0097323
1512,AFGPRDISNLYKR,Orcokinin,HoA;Sver,,Br;ES,CNS,Sver,CNS,1,10.1371/journal.pone.0097323
1513,NFDEIDRAGFGFVKR,Orcokinin,HoA;Sver,,Br;ES,CNS,Sver,CNS,1,10.1371/journal.pone.0097323
1514,DYDGVYPDKR,Orcokinin,HoA;Sver,,Br;ES,CNS,Sver,CNS,1,10.1371/journal.pone.0097323
1515,NFDEIDRAGLGFAKR,Orcokinin,HoA;Sver,,Br;ES,CNS,Sver,CNS,1,10.1371/journal.pone.0097323
1516,NFDEIDRSGFAFAKK,Orcokinin,HoA;Sver,,Br;ES,CNS,Sver,CNS,1,10.1371/journal.pone.0097323
