raw,bare,in_db,Family,OS,Evidence,DOI,note
WLAHKGVWa,WLAHKGVW,False,AST-B,Csap,Denovo,10.1021/acsomega.6c00679,novel
WLAHRGVWa,WLAHRGVW,False,AST-B,Csap,Denovo,10.1021/acsomega.6c00679,novel
WLKRYa,WLKRY,False,RYamide,Csap,Denovo,10.1021/acsomega.6c00679,novel
YNDVALVVQDRYa,YNDVALVVQDRY,False,RYamide,Csap,Denovo,10.1021/acsomega.6c00679,novel
RFLPPAFQRYa,RFLPPAFQRY,False,RYamide,Csap,Denovo,10.1021/acsomega.6c00679,novel
ADLAHKQQAVNRSRYa,ADLAHKQQAVNRSRY,False,RYamide,Csap,Denovo,10.1021/acsomega.6c00679,novel
pQIYDTSCKGVYDRGLFSDLEHVCDDCYNLYRNSHVASACRGNCYSNLVFRQCMEDLLLMDEFDKYARAVQMV-amide,QIYDTSCKGVYDRGLFSDLEHVCDDCYNLYRNSHVASACRGNCYSNLVFRQCMEDLLLMDEFDKYARAVQMV,False,CHH,Eis(NEW SP),Edman+MALDI,10.1016/j.ygcen.2025.114777,NEW SPECIES E. isenbeckii
AGWSSLWGAWamide,AGWSSLWGAW,False,AST-B,Cbo,MSMS,10.1021/acschemneuro.6c00123,CAVEAT possible typo for AGWSSLQGAW
TPDDTPEHGLQGSER,TPDDTPEHGLQGSER,False,AST-B,Cbo,MSMS,10.1021/acschemneuro.6c00123,novel
GEEIQAAED,GEEIQAAED,False,AST-B,Cbo,MSMS,10.1021/acschemneuro.6c00123,novel
STNWSSLRGAA,STNWSSLRGAA,False,AST-B,Cbo,MSMS,10.1021/acschemneuro.6c00123,novel
LCGWRLANELNRVCKGVYNMPTVSTNALFYLKGRA,LCGWRLANELNRVCKGVYNMPTVSTNALFYLKGRA,False,ILP,Csap,MSMS,10.1021/acschemneuro.6c00123,novel
SPRTLQEGGLVKQGE,SPRTLQEGGLVKQGE,False,ILP,Csap,MSMS,10.1021/acschemneuro.6c00123,novel
HSNSRGSERamide,HSNSRGSER,False,AKH,Cbo,MSMS,10.1021/acschemneuro.6c00123,novel
QRLQWLR,QRLQWLR,False,AST-B,Cbo,MSMS,10.1021/acschemneuro.6c00123,novel
RSSRQamide,RSSRQ,False,RFamide-rel,Cbo,MSMS,10.1021/acschemneuro.6c00123,novel
pQVFEDRamide,QVFEDR,False,?,Cbo,MSMS,10.1021/acschemneuro.6c00123,novel
QEVSPGEAGGSEGHSGAAAPWVGQRHA,QEVSPGEAGGSEGHSGAAAPWVGQRHA,False,Natalisin,Cbo,MSMS,10.1021/acschemneuro.6c00123,SI
GAGHGGTTFWVAR,GAGHGGTTFWVAR,False,Natalisin,Cbo,MSMS,10.1021/acschemneuro.6c00123,SI
SGWESNPSLW,SGWESNPSLW,False,Natalisin,Cbo,MSMS,10.1021/acschemneuro.6c00123,SI
DGHGPFWAAR,DGHGPFWAAR,False,Natalisin,Cbo,MSMS,10.1021/acschemneuro.6c00123,SI
EEGGPFWISR,EEGGPFWISR,True,Natalisin,Cbo,MSMS,10.1021/acschemneuro.6c00123,SI
SGADNTFWVAR,SGADNTFWVAR,False,Natalisin,Cbo,MSMS,10.1021/acschemneuro.6c00123,SI
SGGEGGTGPYWIAR,SGGEGGTGPYWIAR,True,Natalisin,Cbo,MSMS,10.1021/acschemneuro.6c00123,SI
QDGTTPTGPYWIAR,QDGTTPTGPYWIAR,False,Natalisin,Cbo,MSMS,10.1021/acschemneuro.6c00123,SI
GDEDSVFWAAR,GDEDSVFWAAR,False,Natalisin,Cbo,MSMS,10.1021/acschemneuro.6c00123,SI
EDETHSFWIAR,EDETHSFWIAR,False,Natalisin,Cbo,MSMS,10.1021/acschemneuro.6c00123,SI
PERDPFWVSR,PERDPFWVSR,False,Natalisin,Cbo,MSMS,10.1021/acschemneuro.6c00123,SI
ETDPRGPFWAAR,ETDPRGPFWAAR,False,Natalisin,Cbo,MSMS,10.1021/acschemneuro.6c00123,SI
AGWSSLQGAW,AGWSSLQGAW,True,AST-B,Cbo,MSMS,10.1021/acschemneuro.6c00123,SI
AWSNLQGAW,AWSNLQGAW,True,AST-B,Cbo,MSMS,10.1021/acschemneuro.6c00123,SI
AGWSSMRGAW,AGWSSMRGAW,True,AST-B,Cbo,MSMS,10.1021/acschemneuro.6c00123,SI
GGWNKFQGSW,GGWNKFQGSW,True,AST-B,Cbo,MSMS,10.1021/acschemneuro.6c00123,SI
TSWGKFQGSW,TSWGKFQGSW,True,AST-B,Cbo,MSMS,10.1021/acschemneuro.6c00123,SI
MVGAAPVKRGWVLW,MVGAAPVKRGWVLW,False,AST-B,Cbo,MSMS,10.1021/acschemneuro.6c00123,SI
HQLSERQRVAF,HQLSERQRVAF,False,AST-B,Cbo,MSMS,10.1021/acschemneuro.6c00123,SI
APSGFLGMR,APSGFLGMR,True,Tachykinin,Cbo,MSMS,10.1021/acschemneuro.6c00123,SI
GFYSQRY,GFYSQRY,False,RYamide,Cbo,MSMS,10.1021/acschemneuro.6c00123,SI
CFITNCPPG,CFITNCPPG,True,Vasopressin-like,Csap,MSMS,10.1021/acschemneuro.6c00123,SI
DSDESGSRY,DSDESGSRY,False,RYamide,Csap,MSMS,10.1021/acschemneuro.6c00123,SI
ESGESRFRF,ESGESRFRF,False,RYamide,Csap,MSMS,10.1021/acschemneuro.6c00123,SI
MYTDYFNGGLCGDFCLQTEamide,MYTDYFNGGLCGDFCLQTE,False,EH,Csap,MSMS,10.1021/acschemneuro.6c00123,SI
NCGQCKKMYTDYFNGGLCGDFCLQTEamide,NCGQCKKMYTDYFNGGLCGDFCLQTE,False,EH,Csap,MSMS,10.1021/acschemneuro.6c00123,SI
VSICIKNCGQCKKMYTDYFNGGLCGDFCLQTEamide,VSICIKNCGQCKKMYTDYFNGGLCGDFCLQTE,False,EH,Csap,MSMS,10.1021/acschemneuro.6c00123,SI
FIPDCNRPDILIPFFLQRLE,FIPDCNRPDILIPFFLQRLE,False,EH,Csap,MSMS,10.1021/acschemneuro.6c00123,SI
DAGHFFAETPKHLPRI-NH2,DAGHFFAETPKHLPRI,False,ETH,Cmae,predicted+MS,10.1186/s12915-026-02603-w,Cam-ETH
LYFAPRL-NH2,LYFAPRL,True,Pyrokinin,Cmae,known,10.1186/s12915-026-02603-w,carcipyrokinin1
TSFAFSPRL-NH2,TSFAFSPRL,True,Pyrokinin,Cmae,known,10.1186/s12915-026-02603-w,carcipyrokinin3
VPNDWAHFRGSWa,VPNDWAHFRGSW,True,AST-B,Csap,MSMS,10.1021/acsomega.6c00679,re-detect
WLQLVCLWa,WLQLVCLW,True,AST-B,Csap,MSMS,10.1021/acsomega.6c00679,re-detect
HIGSLYRa,HIGSLYR,True,HIGSLYRamide,Csap,MSMS,10.1021/acsomega.6c00679,re-detect
GGGEYDDYGHLRFamide,GGGEYDDYGHLRF,True,Sulfakinin,HoA,MSMS,10.64898/2026.03.07.710231,unsulfated Hoa-SK II
PIKAAPARSSPQQDAAAGYTDGAPV,PIKAAPARSSPQQDAAAGYTDGAPV,False,Orcokinin,HoA,MSMS,10.64898/2026.03.07.710231,
NNWRSLQGSWamide,NNWRSLQGSW,True,AST-B,HoA,MSMS,10.64898/2026.03.07.710231,
SADWNKLRGAWamide,SADWNKLRGAW,True,AST-B,HoA,MSMS,10.64898/2026.03.07.710231,
VGWSSMHGTWamide,VGWSSMHGTW,True,AST-B,HoA,MSMS,10.64898/2026.03.07.710231,
AWNKLQGAWamide,AWNKLQGAW,True,AST-B,HoA,MSMS,10.64898/2026.03.07.710231,
